# pop	P1_A01.single,P1_A02.single,P1_A03.single,P1_A04.single,P1_A05.single,P1_A06.single,P1_A07.single,P1_A08.single,P1_A09.single,P1_A10.single,P1_A11.single,P1_A12.single,P1_B01.single,P1_B02.single,P1_B03.single,P1_B04.single,P1_B05.single,P1_B06.single,P1_B07.single,P1_B08.single,P1_B09.single,P1_B10.single,P1_B11.single,P1_B12.single,P1_C01.single,P1_C02.single,P1_C03.single,P1_C04.single,P1_C05.single,P1_C06.single,P1_C07.single,P1_C08.single,P1_C09.single,P1_C10.single,P1_C11.single,P1_C12.single,P1_D01.single,P1_D02.single,P1_D03.single,P1_D04.single,P1_D05.single,P1_D06.single,P1_D07.single,P1_D08.single,P1_D09.single,P1_D11.single,P1_D12.single,P1_E01.single,P1_E02.single,P1_E03.single,P1_E04.single,P1_E05.single,P1_E06.single,P1_E07.single,P1_E08.single,P1_E09.single,P1_E11.single,P1_E12.single,P1_F01.single,P1_F02.single,P1_F03.single,P1_F04.single,P1_F05.single,P1_F06.single,P1_F07.single,P1_F08.single,P1_F09.single,P1_F10.single,P1_F11.single,P1_F12.single,P1_G02.single,P1_G03.single,P1_G04.single,P1_G05.single,P1_G06.single,P1_G07.single,P1_G08.single,P1_G09.single,P1_G10.single,P1_G11.single,P1_G12.single,P1_H01.single,P1_H02.single,P1_H03.single,P1_H04.single,P1_H05.single,P1_H06.single,P1_H07.single,P1_H08.single,P1_H09.single,P1_H10.single,P1_H11.single,P1_H12.single,P2_A01.single,P2_A02.single,P2_A03.single,P2_A04.single,P2_A05.single,P2_A07.single,P2_A08.single,P2_A09.single,P2_A10.single,P2_A11.single,P2_A12.single,P2_B01.single,P2_B02.single,P2_B06.single,P2_B07.single,P2_B08.single,P2_B09.single,P2_B10.single,P2_B11.single,P2_B12.single,P2_C02.single,P2_C03.single,P2_C05.single,P2_C07.single,P2_C08.single,P2_C09.single,P2_C12.single,P2_D03.single,P2_D04.single,P2_D05.single,P2_D06.single,P2_D07.single,P2_D08.single,P2_D09.single,P2_E01.single,P2_E02.single,P2_E03.single,P2_E05.single,P2_E06.single,P2_E09.single,P2_E11.single,P2_E12.single,P2_F02.single,P2_F03.single,P2_F04.single,P2_F05.single,P2_F06.single,P2_F08.single,P2_F09.single,P2_G03.single,P2_G05.single,P2_G06.single,P2_G09.single,P2_H01.single,P2_H02.single,P2_H04.single,P2_H05.single,P2_H06.single,P2_H07.single,P2_H08.single,P2_H09.single,P3_A01.single,P3_A02.single,P3_A03.single,P3_A04.single,P3_A05.single,P3_A06.single,P3_A07.single,P3_A08.single,P3_A09.single,P3_A10.single,P3_A11.single,P3_A12.single,P3_B01.single,P3_B02.single,P3_B03.single,P3_B04.single,P3_B05.single,P3_B06.single,P3_B07.single,P3_B08.single,P3_B09.single,P3_B10.single,P3_B11.single,P3_B12.single,P3_C01.single,P3_C02.single,P3_C03.single,P3_C04.single,P3_C05.single,P3_C06.single,P3_C07.single,P3_C08.single,P3_C09.single,P3_C10.single,P3_D01.single,P3_D02.single,P3_D03.single,P3_D05.single,P3_D06.single,P3_D07.single,P3_D08.single,P3_D09.single,P3_D11.single,P3_D12.single,P3_E02.single,P3_E03.single,P3_E04.single,P3_E05.single,P3_E06.single,P3_E07.single,P3_F01.single,P3_F04.single,P3_F05.single,P3_F08.single,P3_F12.single,P3_G02.single,P3_G03.single,P3_G04.single,P3_G05.single,P3_G06.single,P3_H05.single,P4_A01.single,P4_A02.single,P4_A03.single,P4_A07.single,P4_A08.single,P4_A09.single,P4_A10.single,P4_A11.single,P4_A12.single,P4_B01.single,P4_B02.single,P4_B03.single,P4_B05.single,P4_B06.single,P4_B07.single,P4_B08.single,P4_B09.single,P4_B11.single,P4_B12.single,P4_C03.single,P4_C04.single,P4_C05.single,P4_C06.single,P4_C07.single,P4_C08.single,P4_C10.single,P4_C11.single,P4_D01.single,P4_D02.single,P4_D03.single,P4_D04.single,P4_D05.single,P4_D06.single,P4_D07.single,P4_D08.single,P4_D09.single,P4_D11.single,P4_D12.single,P4_E01.single,P4_E02.single,P4_E03.single,P4_E04.single,P4_E05.single,P4_E06.single,P4_E07.single,P4_E08.single,P4_E09.single,P4_E11.single,P4_E12.single,P4_F01.single,P4_F02.single,P4_F03.single,P4_F04.single,P4_F05.single,P4_F06.single,P4_F07.single,P4_F08.single,P4_F09.single,P4_F10.single,P4_F12.single,P4_G01.single,P4_G07.single,P4_G09.single,P4_G11.single,P4_H01.single,P4_H06.single,P4_H07.single,P4_H09.single,P4_H10.single,P4_H11.single,P4_H12.single
# Locus ID	Chr	BP	Pop ID	N	Haplotype Cnt	Gene Diversity	Smoothed Gene Diversity	Smoothed Gene Diversity P-value	Haplotype Diversity	Smoothed Haplotype Diversity	Smoothed Haplotype Diversity P-value	Haplotypes
73	un	2	pop	120	4	0.52409	0.00000	0.00000	1.06527	0.00000	0.00000	AACTG:43;AATTG:5;TACGA:1;TACTA:71
76	un	152	pop	112	4	0.18292	0.00000	0.00000	0.18710	0.00000	0.00000	ACA:2;ACG:101;ATG:8;GCG:1
262	un	302	pop	132	4	0.04511	0.00000	0.00000	0.04545	0.00000	0.00000	ACC:1;TCA:1;TCC:129;TTC:1
625	un	452	pop	116	7	0.55787	0.00000	0.00000	0.63313	0.00000	0.00000	GACCAG:1;GTCCAG:63;GTCCGA:1;GTCCGG:45;GTCTGG:4;GTTCGG:1;TTCCAG:1
1354	un	602	pop	126	4	0.07784	0.00000	0.00000	0.12648	0.00000	0.00000	AACCAC:2;TACCAC:121;TACTAC:2;TGACGG:1
2287	un	752	pop	116	4	0.16147	0.00000	0.00000	0.16402	0.00000	0.00000	GAA:1;GCA:106;GCG:8;TCA:1
