# Catalog Locus ID		Total Genotypes	Max	Genotype Freqs	F	Mean Log Likelihood	Genotype Map	
73		78	53.84615	aa:13(16.7%);ab:42(53.8%);ae:3(3.8%);bk:1(1.3%);cc:11(14.1%);dd:3(3.8%);ee:1(1.3%);fg:2(2.6%);hl:1(1.3%);ij:1(1.3%);	0.00000	1.00000	AACTG:b;AANTG:f;AATTG:e;ATCTN:h;NACTA:i;NACTG:j;NACTN:d;NANTN:c;TACGA:k;TACTA:a;TACTN:l;TANTA:g;	
76		65	69.23077	aa:45(69.2%);ac:8(12.3%);ae:2(3.1%);af:1(1.5%);bb:7(10.8%);dd:2(3.1%);	0.00000	1.00000	ACA:e;ACG:a;ACN:d;ANG:b;ATG:c;GCG:f;	
262		67	95.52239	aa:64(95.5%);ad:1(1.5%);bb:1(1.5%);ce:1(1.5%);	0.00000	1.00000	ACC:c;TCA:d;TCC:a;TCN:b;TTC:e;	
625		70	52.85714	aa:10(14.3%);ab:37(52.9%);ae:4(5.7%);ah:1(1.4%);al:1(1.4%);bb:4(5.7%);cc:7(10.0%);dd:3(4.3%);ff:1(1.4%);gk:1(1.4%);ij:1(1.4%);	0.00000	1.00000	GACCAG:g;GTCCAG:a;GTCCGA:h;GTCCGG:b;GTCCNG:d;GTCCNN:f;GTCNAG:i;GTCNGG:j;GTCNNG:c;GTCTGG:e;GTTCGG:k;TTCCAG:l;	
1354		63	95.23810	aa:60(95.2%);ad:1(1.6%);bc:2(3.2%);	0.00000	1.00000	AACCAC:b;TACCAC:a;TACTAC:c;TGACGG:d;	
2287		58	89.65517	aa:52(89.7%);ac:1(1.7%);ad:1(1.7%);bb:4(6.9%);	0.00000	1.00000	GAA:c;GCA:a;GCG:b;TCA:d;	
